<?xml version="1.0" encoding="UTF-8"?>

<!-- ===================================================================== -->
<!--                                                                       -->
<!--  JBoss Server Configuration                                           -->
<!--                                                                       -->
<!-- ===================================================================== -->

<!-- $Id: msaccess-ds.xml,v 1.1 2002/07/22 22:57:24 d_jencks Exp $ -->
<!-- ==================================================================== -->
<!-- This uses the sun jdbc-odbc driver, so don't expect miracles          -->
<!-- Thanks to Alan Moor, who warns...                                     -->
<!-- Remember, though, never trust critical data, or data that you can't   -->
<!-- afford to lose, or data that you need quick access to, or data that   -->
<!-- needs to be secure, to Microsoft Access.                              -->
<!-- ===================================================================== -->


<datasources>
  <local-tx-datasource>
    <jndi-name>MSAccessDS</jndi-name>
    <!-- format of URL is "jdbc:odbc:DSNNAME" -->
    <connection-url>jdbc:odbc:INsightDSN</connection-url>
    <driver-class>sun.jdbc.odbc.JdbcOdbcDriver</driver-class>
    <user-name>x</user-name>
    <password>y</password>
  </local-tx-datasource>

</datasources>
