<?xml version="1.0" encoding="UTF-8"?>

<!-- $Id: mysql-ds.xml,v 1.3.2.1 2004/12/01 11:46:00 schrouf Exp $ -->
<!--  Datasource config for MySQL using 3.0.9 available from:
http://www.mysql.com/downloads/api-jdbc-stable.html
-->

<datasources>
  <local-tx-datasource>
    <jndi-name>MySqlDS</jndi-name>
    <connection-url>jdbc:mysql://mysql-hostname:3306/jbossdb</connection-url>
    <driver-class>com.mysql.jdbc.Driver</driver-class>
    <user-name>x</user-name>
    <password>y</password>
    <exception-sorter-class-name>org.jboss.resource.adapter.jdbc.vendor.MySQLExceptionSorter</exception-sorter-class-name>
    <!-- sql to call when connection is created
    <new-connection-sql>some arbitrary sql</new-connection-sql>
      -->
    <!-- sql to call on an existing pooled connection when it is obtained from pool 
    <check-valid-connection-sql>some arbitrary sql</check-valid-connection-sql>
      -->

    <!-- corresponding type-mapping in the standardjbosscmp-jdbc.xml (optional) -->
    <metadata>
       <type-mapping>mySQL</type-mapping>
    </metadata>
  </local-tx-datasource>
</datasources>

