<?xml version="1.0" encoding="UTF-8"?>

<!-- ===================================================================== -->
<!--                                                                       -->
<!--  JBoss Server Configuration                                           -->
<!--                                                                       -->
<!-- ===================================================================== -->

<!-- $Id: solid-ds.xml,v 1.2 2004/09/15 14:37:40 loubyansky Exp $ -->
<!-- ==================================================================== -->
<!-- DataSource configuration for solid using 3.0 driver                  -->
<!-- Thanks to Casey Haakenson                                            -->
<!-- ==================================================================== -->


<datasources>
  <local-tx-datasource>
    <jndi-name>SolidDS</jndi-name>
    <!--NOTE: Solid wants the username/password in the URL, it will 
            ignore the specific arguments.-->
    <connection-url>jdbc:solid://yourdbhost:1964/yourdbusername/yourdbpassword</connection-url>
    <driver-class>solid.jdbc.SolidDriver</driver-class>

      <!-- corresponding type-mapping in the standardjbosscmp-jdbc.xml (optional) -->
      <metadata>
         <type-mapping>SOLID</type-mapping>
      </metadata>
  </local-tx-datasource>

</datasources>
