<!-- A summary of the licenses used by the repository components
$Id: license-info.xml,v 1.1 2005/05/04 06:03:30 starksm Exp $
-->
<licenses>
   <!-- The valid headers for each license type. These headers are validated
   by the org.jboss.tools.copyright.ValidateLicenseHeaders utility.
   -->
   <license id="apache-1.1" licenseFile="apache-1.1.txt">
      <terms-header id="apache#0">
          * The Apache Software License, Version 1.1
          *
          *
          * Copyright (c) 1999-2002 The Apache Software Foundation.  All rights
          * reserved.
          *
          * Redistribution and use in source and binary forms, with or without
          * modification, are permitted provided that the following conditions
          * are met:
      </terms-header>
      <terms-header id="apache#1">
          * The Apache Software License, Version 1.1
          *
          *
          * Copyright (c) 2001-2003 The Apache Software Foundation.  All rights 
          * reserved.
          *
          * Redistribution and use in source and binary forms, with or without
          * modification, are permitted provided that the following conditions
          * are met:
      </terms-header>
      <terms-header id="apache#2">
          * The Apache Software License, Version 1.1
          *
          *
          * Copyright (c) 2002-2003 The Apache Software Foundation.  All rights 
          * reserved.
          *
          * Redistribution and use in source and binary forms, with or without
          * modification, are permitted provided that the following conditions
          * are met:
      </terms-header>
      <terms-header id="apache#3">
          * The Apache Software License, Version 1.1
          *
          *
          * Copyright (c) 2001, 2002 The Apache Software Foundation.  All rights
          * reserved.
          *
          * Redistribution and use in source and binary forms, with or without
          * modification, are permitted provided that the following conditions
          * are met:
      </terms-header>
      <terms-header id="apache#4">
          * The Apache Software License, Version 1.1
          *
          *
          * Copyright (c) 2001-2002 The Apache Software Foundation.  All rights
          * reserved.
          *
          * Redistribution and use in source and binary forms, with or without
          * modification, are permitted provided that the following conditions
          * are met:
      </terms-header>
      <terms-header id="apache#5">
          * Copyright (C) The Apache Software Foundation. All rights reserved.
          *
          * This software is published under the terms of the Apache Software License
          * version 1.1, a copy of which has been included with this distribution in
          * the docs/licenses/apache-1.1.txt file.
      </terms-header>
   </license>
   <license id="apache-2.0" licenseFile="apache-2.0.txt">
      <terms-header id="apache2#1">
          * Copyright 2001-2004 The Apache Software Foundation.
          *
          * Licensed under the Apache License, Version 2.0 (the "License");
          * you may not use this file except in compliance with the License.
          * You may obtain a copy of the License at
          *
          *      http://www.apache.org/licenses/LICENSE-2.0
          *
          * Unless required by applicable law or agreed to in writing, software
          * distributed under the License is distributed on an "AS IS" BASIS,
          * WITHOUT WARRANTIES OR CONDITIONS OF ANY KIND, either express or implied.
          * See the License for the specific language governing permissions and
          * limitations under the License.
      </terms-header>
      <terms-header id="apache2#2">
          * Copyright 2002-2004 The Apache Software Foundation.
          *
          * Licensed under the Apache License, Version 2.0 (the "License");
          * you may not use this file except in compliance with the License.
          * You may obtain a copy of the License at
          *
          *      http://www.apache.org/licenses/LICENSE-2.0
          *
          * Unless required by applicable law or agreed to in writing, software
          * distributed under the License is distributed on an "AS IS" BASIS,
          * WITHOUT WARRANTIES OR CONDITIONS OF ANY KIND, either express or implied.
          * See the License for the specific language governing permissions and
          * limitations under the License.
      </terms-header>
   </license>
   <license id="dom4j" licenseFile="dom4-license.txt">
   </license>
   <license id="lgpl" licenseFile="lgpl.txt">
      <terms-header id="jboss#0">
         JBoss, Home of Professional Open Source
         Distributable under LGPL license.
         See terms of license at gnu.org.
      </terms-header>
      <terms-header id="jboss#1">
         JBoss, the OpenSource J2EE webOS
         Distributable under LGPL license.
         See terms of license at gnu.org.
      </terms-header>
      <terms-header id="jboss#2">
         JBoss, the OpenSource EJB server
         Distributable under LGPL license.
         See terms of license at gnu.org.
      </terms-header>
      <terms-header id="jboss#3">
         JBoss, the OpenSource WebOS
         Distributable under LGPL license.
         See terms of license at gnu.org.
      </terms-header>
      <terms-header id="jboss#4">
         JBoss: The OpenSource J2EE WebOS
         Distributable under LGPL license.
         See terms of license at gnu.org.
      </terms-header>
      <terms-header id="jboss#5">
          * JBossMQ, the OpenSource JMS implementation
          * 
          * Distributable under LGPL license. See terms of license at gnu.org.
      </terms-header>
      <terms-header id="intracom#1">
          * Copyright (c) 2003,  Intracom S.A. - www.intracom.com
          *
          * This library is free software; you can redistribute it and/or
          * modify it under the terms of the GNU Lesser General Public
          * License as published by the Free Software Foundation; either
          * version 2 of the License, or (at your option) any later version
          *
          * This library is distributed in the hope that it will be useful,
          * but WITHOUT ANY WARRANTY; without even the implied warranty of
          * MERCHANTABILITY or FITNESS FOR A PARTICULAR PURPOSE.  See the GNU
          * Lesser General Public License for more details.
          *
          * You should have received a copy of the GNU Lesser General Public
          * License along with this library; if not, write to the Free Software
          * Foundation, Inc., 59 Temple Place, Suite 330, Boston, MA  02111-1307  USA
          *
          * This package and its source code is available at www.jboss.org
      </terms-header>
   </license>
   <license id="bouncycastle" licenseFile="bouncycastle.txt">
      <terms-header>
      </terms-header>
   </license>
   <license id="cpl-1.0" licenseFile="cpl-1.0.txt">
      <terms-header>
      </terms-header>
   </license>
   <license id="mozilla" licenseFile="mozilla-1.0.1.txt">
      <terms-header>
      </terms-header>
   </license>
   <license id="opensaml" licenseFile="opensaml.txt">
      <terms-header>
      </terms-header>
   </license>
   <license id="ironsmith" licenseFile="ironsmith.txt">
      <terms-header>
      </terms-header>
   </license>
   <license id="sleepycat" licenseFile="sleepycat.txt">
      <terms-header>
      </terms-header>
   </license>
   <license id="sun-jaf" licenseFile="sun-jaf.txt">
      <terms-header>
      </terms-header>
   </license>
   <license id="bsd" licenseFile="bsd.txt">
      <terms-header>
      </terms-header>
   </license>
   <license id="sun-javamail" licenseFile="sun-javamail.txt">
      <terms-header>
      </terms-header>
   </license>
   <license id="sun-jmf" licenseFile="sun-jmf.txt">
      <terms-header>
      </terms-header>
   </license>
   <license id="sun-misc">
      <terms-header>
          * Copyright (c) 1998, 1999 Sun Microsystems, Inc. All Rights Reserved.
          *
          * Sun grants you ("Licensee") a non-exclusive, royalty free, license to use,
          * modify and redistribute this software in source and binary code form,
          * provided that i) this copyright notice and license appear on all copies of
          * the software; and ii) Licensee does not utilize the software in a manner
          * which is disparaging to Sun.
      </terms-header>
   </license>
   <license id="joram-tests">
      <terms-header>
          * JORAM: Java(TM) Open Reliable Asynchronous Messaging
          * Copyright (C) 2002 INRIA
          * Contact: joram-team@objectweb.org
          * 
          * This library is free software; you can redistribute it and/or
          * modify it under the terms of the GNU Lesser General Public
          * License as published by the Free Software Foundation; either
          * version 2.1 of the License, or any later version.
          * 
          * This library is distributed in the hope that it will be useful,
          * but WITHOUT ANY WARRANTY; without even the implied warranty of
          * MERCHANTABILITY or FITNESS FOR A PARTICULAR PURPOSE.  See the GNU
          * Lesser General Public License for more details.
      </terms-header>
   </license>
   <license id="hsqldb" licenseFile="hsqldb.txt">
      <terms-header/>
   </license>
</licenses>
